query,rag_v1_answer,rag_v2_answer,rag_v1_time,rag_v2_time,rag_v1_sources,rag_v2_sources,rag_v1_confidence,rag_v2_confidence,timestamp
Chi insegna il corso di Sistemi Operativi?,"**Risposta:**

Riccardo Lazzeretti

**Fonti:**

Frammento 5 [Pagina: N/A, Sezione: Sistemi Operativi e Reti di Calcolatori]","# Risposta

Per rispondere alla domanda, ho esaminato i frammenti di contesto forniti. In base al contenuto fornito, il docente del corso di Sistemi Operativi per il periodo 'S1/2025' è Paolo Ottolino (Frammento 3).

## Riferimenti

* Frammento 3 [Fonte: N/A, Pagina: N/A, Sezione: N/A]: ""Edizione del corso di Sistemi Operativi per il periodo 'S1/2025'. Docente: Paolo Ottolino. Modalità d'esame: Scritto.""",6.5868589878082275,28.755055904388428,0,10,0.0,0.0,2025-07-19T18:54:04.777901
Quali sono i requisiti per l'iscrizione al corso di laurea?,"# Requisiti per l'iscrizione al Corso di Laurea in Ingegneria dell'Informazione, Informatica e Statistica

Per iscriversi al Corso di Laurea in Ingegneria dell'Informazione, Informatica e Statistica, afferente al Dipartimento di Ingegneria Informatica, Automatica e Gestionale ""Antonio Ruberti"" presso l'Università di Roma ""La Sapienza"", non esistono requisiti specificati nei frammenti di contesto forniti. Tuttavia, per informazioni dettagliate sulle procedure di iscrizione e i requisiti generali, si invita a contattare la Presidenza del Dipartimento, contattabile all'indirizzo presidenza-i3s@uniroma1.it.

**Fonti:**

1. Frammento 1
2. Frammento 2
3. Frammento 3
4. Frammento 4
5. Frammento 5

**Note:**

Questo risultato è basato sulle informazioni fornite nel contesto e potrebbe non essere completamente corretto o completo. Per ulteriori informazioni, si invita a contattare la Presidenza del Dipartimento.","Risposta:

Per iscriversi a un corso di laurea all'università, non ci sono requisiti specificati nei frammenti forniti. Tuttavia, solitamente i requisiti possono essere: aver completato i prerequisiti accademici, aver superato l'esame di ammissione (se applicabile), e aver conseguito il diploma di istituto superiore o equivalente. Per informazioni precise sulle domande specifiche, si prega di contattare il ufficio di iscrizione o il segretto di facoltà del corso interessato.

Fonti:
- Frammenti 1-5 [Nessuna fonte specificata, Pagina: N/A, Sezione: N/A]",14.422224044799805,20.4256808757782,0,10,0.0,0.0,2025-07-19T18:54:39.625868
Come si svolge l'esame di Analisi Matematica?,"Risposta:

L'esame di Analisi Matematica può essere superato attraverso due modalità: 1) superamento della prova di recupero (test OFA) o 2) superamento dell'esame curriculare previsto dal relativo corso di laurea. La data e le modalità di svolgimento dei test vengono pubblicate sul catalogo corsi di ateneo e sulla pagina web della Facoltà di Ingegneria (<https://i3s.web.uniroma1.it/it/ofa>). Per facilitare il recupero degli OFA, la Facoltà rende disponibili i pre-corsi di matematica nella sezione ""precorsi di matematica per ingegneria"" (<https://elearning.uniroma1.it/course/view.php?id=117","Risposta:

La domanda riguarda l'esame di Analisi Matematica, ma nessuno dei frammenti di contesto forniti fornisce informazioni specifiche su come si svolga esattamente questo esame. Tuttavia, tutti i frammenti indicano che l'esame per corsi specifici (come Basi di Dati, Sistemi di Controllo, Fondamenti di Matematica, Complementi di Programmazione e Sistemi di Calcolo) si tiene in modalità scritta. Quindi, si può inferire che anche per l'esame di Analisi Matematica (se essendo insegnato in un periodo a cui si riferiscono i frammenti), la modalità d'esame è scritta.

Fonti:
1. Frammento 1 [Fonte: N/A, Pagina: N/A, Sezione: N/A]
2. Frammento 2 [Fonte: N/A, Pagina: N/A, Sezione: N/A]
3. Frammento 3 [Fonte: N/A, Pagina: N/A, Sezione: N/A]
4. Frammento 4 [Fonte: N/A, Pagina: N/A, Sezione: N/A]
5. Frammento 5 [Fonte: N/A, Pagina: N/A, Sezione: N/A]",19.233608961105347,29.713451147079468,0,10,0.0,0.0,2025-07-19T18:55:28.573010
Quali sono le modalità di tirocinio?,"Non ho la risposta esatta sulle modalità specifiche di tirocinio offrite dall'università, poiché i frammenti forniti riguardano solo recensioni dei vari corsi. Tuttavia, alcuni studenti hanno espresso apprezzamento per corsi ben strutturati, interessanti, e buoni per introdurli a nuove materie. Per informazioni più dettagliate sulle opportunità di tirocinio, è consigliabile contattare il ufficio relativo o consultare la sezione specifica del sito web dell'università.

Fonti:
- Frammenti 1, 2, 3, 4, 5 [Recensioni studentesche su vari corsi]","Le informazioni fornite non contengono dati riguardanti le modalità di tirocinio. Per ottenere risposte su questo argomento, è consigliabile consultare la sezione relativa del sito web dell'università o contattare il ufficio dedicato presso l'istituto.

Fonti consultate:
- Frammento 1 [Fonte: N/A, Pagina: N/A, Sezione: N/A]
- Frammento 2 [Fonte: N/A, Pagina: N/A, Sezione: N/A]
- Frammento 3 [Fonte: N/A, Pagina: N/A, Sezione: N/A]
- Frammento 4 [Fonte: N/A, Pagina: N/A, Sezione: N/A]
- Frammento 5 [Fonte: N/A, Pagina: N/A, Sezione: N/A]",8.841744899749756,22.22093105316162,0,10,0.0,0.0,2025-07-19T18:55:59.635787
Come funziona il sistema di crediti?,"Risposta:

Il sistema di crediti all'Università di Roma La Sapienza funziona in modo che ogni corso ha un numero di crediti assegnato, e il numero totale di crediti che un studente deve completare per laurearsi varia a seconda del corso di studio. Per scelta del studente, si può scegliere un solo corso per laurea per ciascuna selezione, altrimenti non si potrà partecipare alla selezione. Per indicare la preferenza del corso, si deve accedere a Infostud, fare login con le credenziali di accesso e selezionare la preferenza del corso da un elenco a tendina ([riferimento](https://www.uniroma1.it/it/node/25007)).

In aggiunta, per ottenere la riduzione degli importi dei contributi di iscrizione, è necessario calcolare l'Isee (Indicatore della situazione economica equivalente) che viene richiesto al Centro di assistenza fiscale dopo il 15 gennaio 2025 e almeno 30 giorni prima delle scadenze. Se si è in possesso del codice PIN o dell'identità digitale SPID, il calcolo dell'Isee 2025 può essere richiesto on-line ([riferimento](https://www.uniroma1.it/it/node/24520)). Per chi ha cittadinanza estera o dichiara redditi prodotti all'estero, il contributo di iscrizione ha un importo fisso in base al Paese di provenienza.

Le informazioni fornite","# Risposta a: Come funziona il sistema di crediti?

Il sistema di crediti in un'università permette a ciascun studente di ottenere crediti per ogni corso completato, misurando l'intensità e l'importanza della loro istruzione. La norma generale è che ogni corso è valutato in termini di Crediti Formatosi (CF), con un numero standard di CF assegnato a ciascun corso.

Per esempio, considerando i frammenti di contesto forniti:

- Maurizio Lenzerini insegnò il corso di *Basi di Dati* con un totale di 6 CF per il periodo S1/2025.
- Giuseppe Oriolo insegnò il corso di *Sistemi di Controllo* con un totale di 5 CF per il periodo S2/2024.
- Eccetera.

Il sistema di crediti consente ai studenti di completare un determinato numero di crediti per poter ottenere il diploma. La struttura del numero di crediti richiesto per la laurea può variare a seconda del programma di studio scelto.

Di seguito, si riportano i crediti totali dei corso forniti nel contesto:

1. *Basi di Dati* - 6 CF
2. *Sistemi di Controllo* - 5 CF
3. *Fondamenti di Matematica* - CF da determinare (non forniti i metadati per questo corso)
4. *Complementi di Programmazione* - CF da determinare (non forniti i metadati per questo corso)
5. *Sistemi di Calcolo* - 4 CF

Per ottenere la laurea, il studente dovrà completare un determinato numero di crediti (spesso 120-130 CF) distribuiti secondo le proprie preferenze e i requisiti del programma di studio.

Per maggiori dettagli sul sistema di crediti e i requisiti specifici del programma di studio, si consiglia di consultare il regolamento universitario o il proprio consulente accademico.",23.767246961593628,34.698606967926025,0,10,0.0,0.0,2025-07-19T18:56:58.101788
Quali sono i corsi obbligatori del primo anno?,"# Risposta ai domande delstudente: Quali sono i corsi obbligatori del primo anno?

Citando i frammenti forniti, i corsi obbligatori per il primo anno del Corso di Laurea in Ingegneria Informatica e Automatica sono:

- Progettazione del Software (CFU: 9, Docente: Francesco Leotta, Modalità d'esame: Scritto, Piattaforma: Non specificata)
- Economia (CFU: Nessuna specificazione, Docente: Eugenio Oropallo, Modalità d'esame: Scritto, Piattaforma: Non specificata)
- Sistemi Operativi (CFU: 9, Docente: Paolo Ottolino, Modalità d'esame: Scritto, Piattaforma: Non specificata)
- Programmazione Matematica (CFU: 9, Docente: Giampaolo Liuzzi, Modalità d'esame: Scritto, Piattaforma: Non specificata)

Fonti: Frammenti 2, 3, 4 e 5.","# Risposta alle domande dell'utente

## Quali sono i corsi obbligatori del primo anno?

Sulla base dei frammenti forniti, i corsi obbligatori per il primo anno sono:

1. **Progettazione del Software** (Fonte: N/A, Pagina: N/A, Sezione: N/A) [Docente: Francesco Leotta, Modalità d'esame: Scritto]
2. **Economia** (Fonte: N/A, Pagina: N/A, Sezione: N/A) [Docente: Eugenio Oropallo, Modalità d'esame: Scritto]
3. **Sistemi Operativi** (Fonte: N/A, Pagina: N/A, Sezione: N/A) [Docente: Paolo Ottolino, Modalità d'esame: Scritto]
4. **Programmazione Matematica** (Fonte: N/A, Pagina: N/A, Sezione: N/A) [Docente: Giampaolo Liuzzi, Modalità d'esame: Scritto]
5. **Sicurezza** (Fonte: N/A, Pagina: N/A, Sezione: N/A) [Docente: Daniele Cono D’Elia, Modalità d'esame: Scritto]

Ricordiamo che questo risultato deriva solo dai frammenti forniti e potrebbe variare a seconda delle diverse edizioni e programmazioni dei corsi. Per altre informazioni dettagliate, è consigliabile contattare il proprio dipartimento o la segreteria universitaria.",12.774322986602783,29.757190942764282,0,10,0.0,0.0,2025-07-19T18:57:40.633376
Come si richiede la laurea?,"# Risposta alla domanda: Come si richiede la laurea?

Per richiedere una laurea in Ingegneria Informatica, seguire le seguenti fasi:

1. **Iscrizione al TOLC (Trieste OnLine Learning Center)**: Consulta la pagina 4.0, sezione 3.1 del documento fornito per le istruzioni dettagliate.
2. **Registrazione a Infostud**: Vedi la pagina 4.0, sezione 3.2 del documento per ulteriori informazioni.
3. **Scegliere il corso**: Riferiti alla pagina 4.0, sezione 3.3 del documento.
4. **Pagamento del contributo di 10 euro**: Guarda la pagina 4.0, sezione 3.4 del documento.
5. Se avete una disabilità o DSA, consulta la pagina 4.0, sezione 3.5 del documento.

Per maggiori dettagli, contattate la segreteria dell'Università all'indirizzo segreteria.info@ing.uniroma1.it.

[Fonte: database, Frammento 1, Pagina: N/A, Sezione: N/A; pdf, Frammento 2, Pagina: 4.0, Sezione: 3. Selezioni; document, Frammento 3, Pagina: 4.0, Sezione: 3. Selezioni]","Per richiedere la laurea, è necessario completare i crediti di studio richiesti dalla propria facoltà e superare gli esami di esame per tutti i corsi di laurea. I dettagli, come la procedura esatta e i termini, possono variare a seconda della facoltà.

Nel tuo caso, poiché non ho trovato specifiche informative su come richiedere la laurea nel tuo Dipartimento specifico (Dipartimento di Ingegneria informatica, automatica e gestionale Antonio Ruberti) sulle informazioni fornite, potrebbe essere utile contattare la Presidenza della facoltà di Ingegneria dell'informazione, informatica e statistica (presidenza-i3s@uniroma1.it) per chiedere dettagli più specifici.

Citazioni inline:

- Frammento 1, N/A, N/A, N/A
- Frammento 2, N/A, N/A, N/A

(Non ho trovato informazioni specifiche sul come richiedere la laurea nel contesto fornito)",17.205999851226807,23.90484595298767,0,10,0.0,0.0,2025-07-19T18:58:21.744294
Quali sono le scadenze per gli esami?,"Le informazioni sui termini di esami non sono presenti nei frammenti forniti. Per ottenere informazioni precise sui termini di esami, è possibile contattare il proprio dipartimento o il ufficio degli esami dell'università.

Fonti consultate:
- Frammento 1
- Frammento 2
- Frammento 3
- Frammento 4
- Frammento 5","# Risposta alle domande del studente

## Domanda: Quali sono le scadenze per gli esami?

Per ottenere informazioni precise sulle scadenze degli esami, è necessario considerare i dettagli forniti nei singoli frammenti di contesto. In particolare, i frammenti specificano il periodo accademico per ciascun corso, e quindi è possibile presupporre che le scadenze per gli esami siano legate a quel periodo. Tuttavia, non esistono informazioni esplicite sui termini per gli esami nell'elenco fornito.

Di seguito, riporto i termini per i vari corsi indicati, presupponendo che le scadenze per gli esami corrispondano al termine del periodo accademico indicato:

- Economia (S1/2025): *Documento non fornito. Non possiamo determinare la data esatta.*
- Sistemi Operativi (S1/2025): *Documento non fornito. Non possiamo determinare la data esatta.*
- Programmazione Matematica (S1/2024): *Documento non fornito. Non possiamo determinare la data esatta.*
- Sicurezza (S2/2025): *Documento non fornito. Non possiamo determinare la data esatta.*
- Basi di Dati (S1/2025): *Documento non fornito. Non possiamo determinare la data esatta.*

Per ottenere informazioni più precise, si prega di rivolgersi all'ufficio degli esami o al docente del corso specifico.

# Sintesi

- La domanda chiede di determinare le scadenze per gli esami.
- I frammenti forniti non forniscono informazioni esplicite sulle scadenze per gli esami.
- In assenza di informazioni precise, non si può determinare le scadenze per gli esami.
- Per ottenere informazioni più precise, si prega di rivolgersi all'ufficio degli esami o al docente del corso specifico.

# Note aggiuntive

1. Se il terminologia utilizzata nella domanda o nei frammenti di contesto è ambigua o non chiara, si prega di chiedere chiarimenti o di ricercare ulteriori informazioni per assicurare una risposta accurata e completa.
2. Se vi sono nuovi frammenti di contesto o aggiornamenti alla domanda, è necessario aggiornare la risposta corrispondente per mantenere la precisione e la accuratezza.
3. Se si riceve una domanda in inglese, è necessario chiedere chiarimenti o ricercare informazioni in inglese per rispondere accuratamente, a meno che non sia possibile fornire una risposta in italiano basandosi su informazioni già note.",5.990964889526367,40.74934983253479,0,10,0.0,0.0,2025-07-19T18:59:08.484705
Come funziona il sistema di valutazione?,"Risposta:

Per valutare i corsi all'interno del sistema, segui questa procedura:

1. Accedi ad Infostud con le tue credenziali di accesso.
2. Clicca sul pulsante “Corsi di laurea”.
3. Seleziona “gestione preferenze”.
4. Seleziona il codice prova del corso interessante da te e clicca sul pulsante “prosegui”.
5. Seleziona il corso desiderato dall’elenco a tendina e contrassegna il tuo voto e lascia un commento nell'apposito campo, quindi clicca sul pulsante “inserisci/modifica”.

I termini per modificare la preferenza sono indicati nel punto 5.2.

Per visionare le recensioni degli studenti sui vari corsi, non sono fornite informazioni aggiuntive nel contesto fornito.","Risposta:

Nello specifico del contesto fornito, il sistema di valutazione di ogni corso è basato sulla modalità d'esame scritto. Quindi, i students saranno valutati attraverso esami a risoluzione di problemi scritti.

Fonti:
- Frammento 1, 2, 3, 4, 5

[Domanda: Come funziona il sistema di valutazione?](https://www.universita.it/faq/come-funziona-il-sistema-di-valutazione)",13.394061803817749,18.995546102523804,0,10,0.0,0.0,2025-07-19T18:59:40.874421
Quali sono i contatti del dipartimento?,"Risposta:

Per ottenere i contatti del dipartimento, ti consiglio di contattare la segreteria o il ufficio di coordinamento del tuo dipartimento specifico. I dettagli esatti possono variare, quindi ispirati al frammento di contesto seguente:

* **Frammento 1** [Fonte: N/A, Pagina: N/A, Sezione: N/A]: Questo frammento non fornisce informazioni sui contatti del dipartimento.

Per informazioni aggiornate, puoi visitare il sito web del tuo dipartimento o contattare direttamente i docenti specifici menzionati nel contesto fornito (Francesco Leotta, Eugenio Oropallo, Paolo Ottolino, Giampaolo Liuzzi).

* **Frammento 2-5** [Fonte: N/A, Pagina: N/A, Sezione: N/A]: Questi frammenti non forniscono informazioni sui contatti del dipartimento, ma solo dettagli sui vari corsi e i docenti associati.

Per contattare il tuo dipartimento, puoi cercare sui siti ufficiali dell'università o contattare l'ufficio di coordinamento o la segreteria del dipartimento.","Per ottenere i contatti del dipartimento, è consigliabile rivolgersi alla segreteria o all'ufficio di contatto del dipartimento. Nella tua domanda non è stato specificato il nome del dipartimento, quindi non posso fornire informazioni precise. Tuttavia, con i frammenti forniti, possiamo determinare i nomi dei docenti di vari corsi, che possono essere utilizzati per contattare il dipartimento.

Per esempio, se hai intenzione di contattare il dipartimento di Informatica, puoi cercare il numero di telefono o l'indirizzo email della segreteria o dell'ufficio di contatto, utilizzando i nomi dei docenti forniti come riferimento: Francesco Leotta, Eugenio Oropallo, Paolo Ottolino, Giampaolo Liuzzi, Daniele Cono D’Elia.

Per ottenere queste informazioni, puoi cercare di accedere alla pagina del sito web del dipartimento o della università, dove solitamente sono indicati questi contatti. Se non riesci a trovare queste informazioni online, puoi contattare l'ufficio students services o l'ufficio di contatto universitario.

Se desideri informazioni su contatti specifici come quelli del docente o dell'ufficio amministrativo, mi prego di specificare esplicitamente il nome del docente o del dipartimento nella domanda futura.

[Fonti: Frammenti forniti]",15.453248023986816,29.84025812149048,0,10,0.0,0.0,2025-07-19T19:00:26.168233
